riskAllele	pValue	pValueAnnotation	riskFrequency	orValue	beta	ci	mappedGenes	traitName	efoTraits	bgTraits	accessionId	locations	pubmedId	author
rs982274-?	6E-6	-	NR	-	-	-	CHODL	"Amyotrophic lateral sclerosis (sporadic)"	"sporadic amyotrophic lateral sclerosis"	-	GCST002337	21:18107413	24529757	"Xie T"
kgp2964336-?	5E-6	-	NR	-	-	-	-	"Amyotrophic lateral sclerosis (sporadic)"	"sporadic amyotrophic lateral sclerosis"	-	GCST002337	-	24529757	"Xie T"
rs2685056-?	4E-8	-	0.35	2.5813	-	[1.939965-3.434586]	ALCAM,EZRP1	"Amyotrophic lateral sclerosis (sporadic)"	"sporadic amyotrophic lateral sclerosis"	-	GCST002337	3:104699729	24529757	"Xie T"
kgp7569258-?	6E-9	-	0.7	-	-	-	-	"Amyotrophic lateral sclerosis (sporadic)"	"sporadic amyotrophic lateral sclerosis"	-	GCST002337	-	24529757	"Xie T"
rs9599848-?	9E-6	-	NR	-	-	-	DACH1	"Amyotrophic lateral sclerosis (sporadic)"	"sporadic amyotrophic lateral sclerosis"	-	GCST002337	13:71473964	24529757	"Xie T"
rs9327881-?	5E-9	-	0.86	-	-	-	PDZPH1P,MACIR	"Amyotrophic lateral sclerosis (sporadic)"	"sporadic amyotrophic lateral sclerosis"	-	GCST002337	5:103389394	24529757	"Xie T"
rs7601234-?	1E-6	-	NR	-	-	-	HOXD10	"Amyotrophic lateral sclerosis (sporadic)"	"sporadic amyotrophic lateral sclerosis"	-	GCST002337	2:176116615	24529757	"Xie T"
rs1199333-?	3E-6	-	NR	-	-	-	MRAS	"Amyotrophic lateral sclerosis (sporadic)"	"sporadic amyotrophic lateral sclerosis"	-	GCST002337	3:138372859	24529757	"Xie T"
kgp10557168-?	4E-8	-	0.88	-	-	-	-	"Amyotrophic lateral sclerosis (sporadic)"	"sporadic amyotrophic lateral sclerosis"	-	GCST002337	-	24529757	"Xie T"
rs9977018-?	2E-9	-	0.05	-	-	-	PCSEAT,LINC00111	"Amyotrophic lateral sclerosis (sporadic)"	"sporadic amyotrophic lateral sclerosis"	-	GCST002337	21:41616809	24529757	"Xie T"
rs11987758-?	8E-7	-	NR	-	-	-	LINC03021,MYOM2	"Amyotrophic lateral sclerosis (sporadic)"	"sporadic amyotrophic lateral sclerosis"	-	GCST002337	8:2180583	24529757	"Xie T"
rs11062578-?	3E-6	-	NR	-	-	-	TSPAN9	"Amyotrophic lateral sclerosis (sporadic)"	"sporadic amyotrophic lateral sclerosis"	-	GCST002337	12:3218001	24529757	"Xie T"
rs4482178-?	2E-7	-	NR	-	-	-	LINC00351	"Amyotrophic lateral sclerosis (sporadic)"	"sporadic amyotrophic lateral sclerosis"	-	GCST002337	13:85529954	24529757	"Xie T"
kgp9019123-?	6E-6	-	NR	-	-	-	-	"Amyotrophic lateral sclerosis (sporadic)"	"sporadic amyotrophic lateral sclerosis"	-	GCST002337	-	24529757	"Xie T"
rs3798696-?	3E-6	-	NR	-	-	-	TFAP2A	"Amyotrophic lateral sclerosis (sporadic)"	"sporadic amyotrophic lateral sclerosis"	-	GCST002337	6:10403417	24529757	"Xie T"
kgp2212848-?	2E-6	-	NR	-	-	-	-	"Amyotrophic lateral sclerosis (sporadic)"	"sporadic amyotrophic lateral sclerosis"	-	GCST002337	-	24529757	"Xie T"
rs1572511-?	3E-6	-	NR	-	-	-	LINC01741,LINC01645	"Amyotrophic lateral sclerosis (sporadic)"	"sporadic amyotrophic lateral sclerosis"	-	GCST002337	1:177652066	24529757	"Xie T"
kgp7768961-?	9E-7	-	NR	-	-	-	-	"Amyotrophic lateral sclerosis (sporadic)"	"sporadic amyotrophic lateral sclerosis"	-	GCST002337	-	24529757	"Xie T"
kgp4108347-?	9E-6	-	NR	-	-	-	-	"Amyotrophic lateral sclerosis (sporadic)"	"sporadic amyotrophic lateral sclerosis"	-	GCST002337	-	24529757	"Xie T"
rs529445-?	3E-6	-	NR	-	-	-	NEDD4L	"Amyotrophic lateral sclerosis (sporadic)"	"sporadic amyotrophic lateral sclerosis"	-	GCST002337	18:58116265	24529757	"Xie T"
kgp21389895-?	4E-6	-	NR	-	-	-	-	"Amyotrophic lateral sclerosis (sporadic)"	"sporadic amyotrophic lateral sclerosis"	-	GCST002337	-	24529757	"Xie T"
rs3749146-?	3E-6	-	NR	-	-	-	STON1-GTF2A1L,STON1	"Amyotrophic lateral sclerosis (sporadic)"	"sporadic amyotrophic lateral sclerosis"	-	GCST002337	2:48597362	24529757	"Xie T"
rs6137726-?	9E-7	-	NR	-	-	-	KRT18P3,LINC01747	"Amyotrophic lateral sclerosis (sporadic)"	"sporadic amyotrophic lateral sclerosis"	-	GCST002337	20:22691782	24529757	"Xie T"
rs4809847-?	5E-6	-	NR	-	-	-	NFATC2	"Amyotrophic lateral sclerosis (sporadic)"	"sporadic amyotrophic lateral sclerosis"	-	GCST002337	20:51491782	24529757	"Xie T"
rs4824093-?	8E-6	-	NR	-	-	-	RN7SKP252,MIR3667HG	"Amyotrophic lateral sclerosis (sporadic)"	"sporadic amyotrophic lateral sclerosis"	-	GCST002337	22:49734620	24529757	"Xie T"
kgp20880378-?	8E-6	-	NR	-	-	-	-	"Amyotrophic lateral sclerosis (sporadic)"	"sporadic amyotrophic lateral sclerosis"	-	GCST002337	-	24529757	"Xie T"
rs2972219-?	2E-6	-	NR	-	-	-	RNU7-34P,LINC02215	"Amyotrophic lateral sclerosis (sporadic)"	"sporadic amyotrophic lateral sclerosis"	-	GCST002337	5:118647917	24529757	"Xie T"
rs2457174-?	7E-8	-	NR	-	-	-	FSTL4,WSPAR	"Amyotrophic lateral sclerosis (sporadic)"	"sporadic amyotrophic lateral sclerosis"	-	GCST002337	5:133843389	24529757	"Xie T"
rs1981626-?	8E-6	-	NR	-	-	-	ASS1P10,NAMPTP2	"Amyotrophic lateral sclerosis (sporadic)"	"sporadic amyotrophic lateral sclerosis"	-	GCST002337	5:145148892	24529757	"Xie T"
kgp11281939-?	2E-6	-	NR	-	-	-	-	"Amyotrophic lateral sclerosis (sporadic)"	"sporadic amyotrophic lateral sclerosis"	-	GCST002337	-	24529757	"Xie T"
rs2492937-?	6E-6	-	NR	-	-	-	TAF8	"Amyotrophic lateral sclerosis (sporadic)"	"sporadic amyotrophic lateral sclerosis"	-	GCST002337	6:42086608	24529757	"Xie T"
rs4424056-?	5E-7	-	NR	-	-	-	MAP3K7,MIR4643	"Amyotrophic lateral sclerosis (sporadic)"	"sporadic amyotrophic lateral sclerosis"	-	GCST002337	6:91135689	24529757	"Xie T"
kgp4511292-?	3E-6	-	NR	-	-	-	-	"Amyotrophic lateral sclerosis (sporadic)"	"sporadic amyotrophic lateral sclerosis"	-	GCST002337	-	24529757	"Xie T"
kgp2658440-?	2E-6	-	NR	-	-	-	-	"Amyotrophic lateral sclerosis (sporadic)"	"sporadic amyotrophic lateral sclerosis"	-	GCST002337	-	24529757	"Xie T"
kgp4013449-?	5E-6	-	NR	-	-	-	-	"Amyotrophic lateral sclerosis (sporadic)"	"sporadic amyotrophic lateral sclerosis"	-	GCST002337	-	24529757	"Xie T"
kgp7925623-?	2E-7	-	NR	-	-	-	-	"Amyotrophic lateral sclerosis (sporadic)"	"sporadic amyotrophic lateral sclerosis"	-	GCST002337	-	24529757	"Xie T"
rs8192851-?	2E-6	-	NR	-	-	-	TBXAS1	"Amyotrophic lateral sclerosis (sporadic)"	"sporadic amyotrophic lateral sclerosis"	-	GCST002337	7:139987505	24529757	"Xie T"
rs7267421-?	8E-6	-	NR	-	-	-	MACROD2	"Amyotrophic lateral sclerosis (sporadic)"	"sporadic amyotrophic lateral sclerosis"	-	GCST002337	20:15246990	24529757	"Xie T"
kgp11397831-?	2E-6	-	NR	-	-	-	-	"Amyotrophic lateral sclerosis (sporadic)"	"sporadic amyotrophic lateral sclerosis"	-	GCST002337	-	24529757	"Xie T"
kgp3329138-?	1E-7	-	NR	-	-	-	-	"Amyotrophic lateral sclerosis (sporadic)"	"sporadic amyotrophic lateral sclerosis"	-	GCST002337	-	24529757	"Xie T"
rs10501765-?	8E-6	-	NR	-	-	-	LINC02756,TUBB4BP4	"Amyotrophic lateral sclerosis (sporadic)"	"sporadic amyotrophic lateral sclerosis"	-	GCST002337	11:91924110	24529757	"Xie T"
kgp12077979-?	1E-6	-	NR	-	-	-	-	"Amyotrophic lateral sclerosis (sporadic)"	"sporadic amyotrophic lateral sclerosis"	-	GCST002337	-	24529757	"Xie T"
kgp15327256-?	2E-8	-	0.02	17.44	-	[8.69-34.97]	-	"Amyotrophic lateral sclerosis (sporadic)"	"sporadic amyotrophic lateral sclerosis"	-	GCST002337	-	24529757	"Xie T"
rs4761659-?	3E-7	-	NR	-	-	-	LINC02412,NUDT4	"Amyotrophic lateral sclerosis (sporadic)"	"sporadic amyotrophic lateral sclerosis"	-	GCST002337	12:93293308	24529757	"Xie T"
rs9825420-?	3E-8	-	0.33	3.0335	-	[2.272478-4.049382]	ITGA9	"Amyotrophic lateral sclerosis (sporadic)"	"sporadic amyotrophic lateral sclerosis"	-	GCST002337	3:37562521	24529757	"Xie T"
kgp16779402-?	5E-6	-	NR	-	-	-	-	"Amyotrophic lateral sclerosis (sporadic)"	"sporadic amyotrophic lateral sclerosis"	-	GCST002337	-	24529757	"Xie T"
rs11744876-?	3E-8	-	0.83	-	-	-	CTNND2	"Amyotrophic lateral sclerosis (sporadic)"	"sporadic amyotrophic lateral sclerosis"	-	GCST002337	5:11084600	24529757	"Xie T"
rs11590421-?	2E-7	-	NR	-	-	-	HSPA5P1,LINC01685	"Amyotrophic lateral sclerosis (sporadic)"	"sporadic amyotrophic lateral sclerosis"	-	GCST002337	1:38528443	24529757	"Xie T"
kgp5819435-?	3E-8	-	0.88	-	-	-	-	"Amyotrophic lateral sclerosis (sporadic)"	"sporadic amyotrophic lateral sclerosis"	-	GCST002337	-	24529757	"Xie T"
rs9329300-?	2E-9	-	0.19	3.1004	-	[2.25-4.27]	LINC02645,PFKP-DT	"Amyotrophic lateral sclerosis (sporadic)"	"sporadic amyotrophic lateral sclerosis"	-	GCST002337	10:2747402	24529757	"Xie T"
rs7117082-?	8E-9	-	0.21	2.7926	-	[2.04-3.81]	OPCML	"Amyotrophic lateral sclerosis (sporadic)"	"sporadic amyotrophic lateral sclerosis"	-	GCST002337	11:133522399	24529757	"Xie T"
kgp22272527-?	8E-11	-	NR	-	-	-	-	"Amyotrophic lateral sclerosis (sporadic)"	"sporadic amyotrophic lateral sclerosis"	-	GCST002337	-	24529757	"Xie T"
kgp12432823-?	3E-7	-	NR	-	-	-	-	"Amyotrophic lateral sclerosis (sporadic)"	"sporadic amyotrophic lateral sclerosis"	-	GCST002337	-	24529757	"Xie T"
rs4148112-?	5E-7	-	NR	-	-	-	ABCG1	"Amyotrophic lateral sclerosis (sporadic)"	"sporadic amyotrophic lateral sclerosis"	-	GCST002337	21:42230666	24529757	"Xie T"
kgp14646698-?	3E-7	-	NR	-	-	-	-	"Amyotrophic lateral sclerosis (sporadic)"	"sporadic amyotrophic lateral sclerosis"	-	GCST002337	-	24529757	"Xie T"
kgp12078483-?	2E-7	-	NR	-	-	-	-	"Amyotrophic lateral sclerosis (sporadic)"	"sporadic amyotrophic lateral sclerosis"	-	GCST002337	-	24529757	"Xie T"
rs7899101-?	3E-6	-	NR	-	-	-	CALML3-AS1,LASTR	"Amyotrophic lateral sclerosis (sporadic)"	"sporadic amyotrophic lateral sclerosis"	-	GCST002337	10:5566239	24529757	"Xie T"
rs12891047-?	6E-7	-	NR	-	-	-	ZFYVE26	"Amyotrophic lateral sclerosis (sporadic)"	"sporadic amyotrophic lateral sclerosis"	-	GCST002337	14:67776358	24529757	"Xie T"
rs10131300-?	5E-6	-	NR	-	-	-	RGS6	"Amyotrophic lateral sclerosis (sporadic)"	"sporadic amyotrophic lateral sclerosis"	-	GCST002337	14:72472787	24529757	"Xie T"
rs10145110-?	1E-7	-	NR	-	-	-	MEG8	"Amyotrophic lateral sclerosis (sporadic)"	"sporadic amyotrophic lateral sclerosis"	-	GCST002337	14:101008533	24529757	"Xie T"
kgp172957-?	7E-6	-	NR	-	-	-	-	"Amyotrophic lateral sclerosis (sporadic)"	"sporadic amyotrophic lateral sclerosis"	-	GCST002337	-	24529757	"Xie T"
kgp6466428-?	6E-7	-	NR	-	-	-	-	"Amyotrophic lateral sclerosis (sporadic)"	"sporadic amyotrophic lateral sclerosis"	-	GCST002337	-	24529757	"Xie T"
rs7148498-?	1E-6	-	NR	-	-	-	TCL6	"Amyotrophic lateral sclerosis (sporadic)"	"sporadic amyotrophic lateral sclerosis"	-	GCST002337	14:95641618	24529757	"Xie T"
kgp11158197-?	5E-6	-	NR	-	-	-	-	"Amyotrophic lateral sclerosis (sporadic)"	"sporadic amyotrophic lateral sclerosis"	-	GCST002337	-	24529757	"Xie T"
kgp19875283-?	3E-7	-	NR	-	-	-	-	"Amyotrophic lateral sclerosis (sporadic)"	"sporadic amyotrophic lateral sclerosis"	-	GCST002337	-	24529757	"Xie T"
kgp10779805-?	4E-6	-	NR	-	-	-	-	"Amyotrophic lateral sclerosis (sporadic)"	"sporadic amyotrophic lateral sclerosis"	-	GCST002337	-	24529757	"Xie T"
kgp2413433-?	4E-6	-	NR	-	-	-	-	"Amyotrophic lateral sclerosis (sporadic)"	"sporadic amyotrophic lateral sclerosis"	-	GCST002337	-	24529757	"Xie T"
rs4240810-?	7E-6	-	NR	-	-	-	GSE1	"Amyotrophic lateral sclerosis (sporadic)"	"sporadic amyotrophic lateral sclerosis"	-	GCST002337	16:85591521	24529757	"Xie T"
rs320637-?	4E-6	-	NR	-	-	-	ASIC2	"Amyotrophic lateral sclerosis (sporadic)"	"sporadic amyotrophic lateral sclerosis"	-	GCST002337	17:33338310	24529757	"Xie T"
rs7224488-?	2E-6	-	NR	-	-	-	C17orf67,NOG	"Amyotrophic lateral sclerosis (sporadic)"	"sporadic amyotrophic lateral sclerosis"	-	GCST002337	17:56791264	24529757	"Xie T"
kgp13988532-?	5E-7	-	NR	-	-	-	-	"Amyotrophic lateral sclerosis (sporadic)"	"sporadic amyotrophic lateral sclerosis"	-	GCST002337	-	24529757	"Xie T"
kgp12079161-?	2E-6	-	NR	-	-	-	-	"Amyotrophic lateral sclerosis (sporadic)"	"sporadic amyotrophic lateral sclerosis"	-	GCST002337	-	24529757	"Xie T"
kgp16105777-?	1E-6	-	NR	-	-	-	-	"Amyotrophic lateral sclerosis (sporadic)"	"sporadic amyotrophic lateral sclerosis"	-	GCST002337	-	24529757	"Xie T"
kgp13465360-?	6E-7	-	NR	-	-	-	-	"Amyotrophic lateral sclerosis (sporadic)"	"sporadic amyotrophic lateral sclerosis"	-	GCST002337	-	24529757	"Xie T"
kgp12301589-?	4E-6	-	NR	-	-	-	-	"Amyotrophic lateral sclerosis (sporadic)"	"sporadic amyotrophic lateral sclerosis"	-	GCST002337	-	24529757	"Xie T"
kgp10355073-?	1E-6	-	NR	-	-	-	-	"Amyotrophic lateral sclerosis (sporadic)"	"sporadic amyotrophic lateral sclerosis"	-	GCST002337	-	24529757	"Xie T"
rs11167260-?	4E-6	-	NR	-	-	-	PROCR	"Amyotrophic lateral sclerosis (sporadic)"	"sporadic amyotrophic lateral sclerosis"	-	GCST002337	20:35187397	24529757	"Xie T"
kgp8748106-?	3E-7	-	NR	-	-	-	-	"Amyotrophic lateral sclerosis (sporadic)"	"sporadic amyotrophic lateral sclerosis"	-	GCST002337	-	24529757	"Xie T"
kgp1703878-?	8E-6	-	NR	-	-	-	-	"Amyotrophic lateral sclerosis (sporadic)"	"sporadic amyotrophic lateral sclerosis"	-	GCST002337	-	24529757	"Xie T"
kgp11394149-?	2E-7	-	NR	-	-	-	-	"Amyotrophic lateral sclerosis (sporadic)"	"sporadic amyotrophic lateral sclerosis"	-	GCST002337	-	24529757	"Xie T"
kgp12796733-?	5E-7	-	NR	-	-	-	-	"Amyotrophic lateral sclerosis (sporadic)"	"sporadic amyotrophic lateral sclerosis"	-	GCST002337	-	24529757	"Xie T"
kgp19136490-?	1E-6	-	NR	-	-	-	-	"Amyotrophic lateral sclerosis (sporadic)"	"sporadic amyotrophic lateral sclerosis"	-	GCST002337	-	24529757	"Xie T"
kgp8851185-?	2E-8	-	0.09	-	-	-	-	"Amyotrophic lateral sclerosis (sporadic)"	"sporadic amyotrophic lateral sclerosis"	-	GCST002337	-	24529757	"Xie T"
kgp18800436-?	5E-6	-	NR	-	-	-	-	"Amyotrophic lateral sclerosis (sporadic)"	"sporadic amyotrophic lateral sclerosis"	-	GCST002337	-	24529757	"Xie T"
rs7999075-?	1E-6	-	NR	-	-	-	LINC00540	"Amyotrophic lateral sclerosis (sporadic)"	"sporadic amyotrophic lateral sclerosis"	-	GCST002337	13:22046068	24529757	"Xie T"
rs2985334-?	6E-6	-	NR	-	-	-	EPB41	"Amyotrophic lateral sclerosis (sporadic)"	"sporadic amyotrophic lateral sclerosis"	-	GCST002337	1:29018515	24529757	"Xie T"
kgp12303217-?	5E-6	-	NR	-	-	-	-	"Amyotrophic lateral sclerosis (sporadic)"	"sporadic amyotrophic lateral sclerosis"	-	GCST002337	-	24529757	"Xie T"
rs10489764-?	8E-6	-	NR	-	-	-	RN7SKP156,SLC4A1APP2	"Amyotrophic lateral sclerosis (sporadic)"	"sporadic amyotrophic lateral sclerosis"	-	GCST002337	1:188116702	24529757	"Xie T"
rs2247208-?	8E-6	-	NR	-	-	-	NFASC	"Amyotrophic lateral sclerosis (sporadic)"	"sporadic amyotrophic lateral sclerosis"	-	GCST002337	1:204908524	24529757	"Xie T"
kgp7635540-?	5E-6	-	NR	-	-	-	-	"Amyotrophic lateral sclerosis (sporadic)"	"sporadic amyotrophic lateral sclerosis"	-	GCST002337	-	24529757	"Xie T"
kgp20555366-?	3E-6	-	NR	-	-	-	-	"Amyotrophic lateral sclerosis (sporadic)"	"sporadic amyotrophic lateral sclerosis"	-	GCST002337	-	24529757	"Xie T"
rs16902328-?	3E-6	-	NR	-	-	-	CASC11	"Amyotrophic lateral sclerosis (sporadic)"	"sporadic amyotrophic lateral sclerosis"	-	GCST002337	8:127701628	24529757	"Xie T"
rs5029317-?	8E-6	-	NR	-	-	-	PVT1	"Amyotrophic lateral sclerosis (sporadic)"	"sporadic amyotrophic lateral sclerosis"	-	GCST002337	8:128114607	24529757	"Xie T"
rs1929412-?	8E-6	-	NR	-	-	-	JKAMPP1,AKAP8P1	"Amyotrophic lateral sclerosis (sporadic)"	"sporadic amyotrophic lateral sclerosis"	-	GCST002337	9:11951222	24529757	"Xie T"
kgp7684809-?	8E-6	-	NR	-	-	-	-	"Amyotrophic lateral sclerosis (sporadic)"	"sporadic amyotrophic lateral sclerosis"	-	GCST002337	-	24529757	"Xie T"
rs776776-?	2E-6	-	NR	-	-	-	ADAMTSL1	"Amyotrophic lateral sclerosis (sporadic)"	"sporadic amyotrophic lateral sclerosis"	-	GCST002337	9:18657560	24529757	"Xie T"
kgp4589129-?	4E-6	-	NR	-	-	-	-	"Amyotrophic lateral sclerosis (sporadic)"	"sporadic amyotrophic lateral sclerosis"	-	GCST002337	-	24529757	"Xie T"
rs10982990-?	2E-6	-	NR	-	-	-	LINC00474	"Amyotrophic lateral sclerosis (sporadic)"	"sporadic amyotrophic lateral sclerosis"	-	GCST002337	9:115896437	24529757	"Xie T"
rs1002442-?	3E-7	-	NR	-	-	-	ANK3	"Amyotrophic lateral sclerosis (sporadic)"	"sporadic amyotrophic lateral sclerosis"	-	GCST002337	10:60043304	24529757	"Xie T"
rs10458771-?	3E-6	-	NR	-	-	-	WAPL,GRID1	"Amyotrophic lateral sclerosis (sporadic)"	"sporadic amyotrophic lateral sclerosis"	-	GCST002337	10:86402481	24529757	"Xie T"
rs3740713-?	9E-6	-	NR	-	-	-	LDHC	"Amyotrophic lateral sclerosis (sporadic)"	"sporadic amyotrophic lateral sclerosis"	-	GCST002337	11:18429549	24529757	"Xie T"
kgp12970514-?	7E-8	-	NR	-	-	-	-	"Amyotrophic lateral sclerosis (sporadic)"	"sporadic amyotrophic lateral sclerosis"	-	GCST002337	-	24529757	"Xie T"
rs2322978-?	8E-7	-	NR	-	-	-	DNAJB6P1,RN7SKP279	"Amyotrophic lateral sclerosis (sporadic)"	"sporadic amyotrophic lateral sclerosis"	-	GCST002337	11:127846245	24529757	"Xie T"
kgp4525136-?	9E-6	-	NR	-	-	-	-	"Amyotrophic lateral sclerosis (sporadic)"	"sporadic amyotrophic lateral sclerosis"	-	GCST002337	-	24529757	"Xie T"
kgp18765176-?	6E-6	-	NR	-	-	-	-	"Amyotrophic lateral sclerosis (sporadic)"	"sporadic amyotrophic lateral sclerosis"	-	GCST002337	-	24529757	"Xie T"
rs3782455-?	6E-6	-	NR	-	-	-	RBM19	"Amyotrophic lateral sclerosis (sporadic)"	"sporadic amyotrophic lateral sclerosis"	-	GCST002337	12:113921460	24529757	"Xie T"
rs1147246-?	2E-6	-	NR	-	-	-	TMEM132B	"Amyotrophic lateral sclerosis (sporadic)"	"sporadic amyotrophic lateral sclerosis"	-	GCST002337	12:125390920	24529757	"Xie T"
rs11061269-?	8E-10	-	0.08	3.7761	-	[2.49-5.74]	ADGRD1	"Amyotrophic lateral sclerosis (sporadic)"	"sporadic amyotrophic lateral sclerosis"	-	GCST002337	12:130971904	24529757	"Xie T"
kgp685822-?	4E-7	-	NR	-	-	-	-	"Amyotrophic lateral sclerosis (sporadic)"	"sporadic amyotrophic lateral sclerosis"	-	GCST002337	-	24529757	"Xie T"
rs9568797-?	1E-7	-	NR	-	-	-	OLFM4	"Amyotrophic lateral sclerosis (sporadic)"	"sporadic amyotrophic lateral sclerosis"	-	GCST002337	13:53039424	24529757	"Xie T"
rs1464443-?	1E-6	-	NR	-	-	-	ERBB4	"Amyotrophic lateral sclerosis (sporadic)"	"sporadic amyotrophic lateral sclerosis"	-	GCST002337	2:212050001	24529757	"Xie T"
rs1559473-?	1E-6	-	NR	-	-	-	HSPA9P1,RPL23AP28	"Amyotrophic lateral sclerosis (sporadic)"	"sporadic amyotrophic lateral sclerosis"	-	GCST002337	2:222016799	24529757	"Xie T"
kgp7136205-?	7E-6	-	NR	-	-	-	-	"Amyotrophic lateral sclerosis (sporadic)"	"sporadic amyotrophic lateral sclerosis"	-	GCST002337	-	24529757	"Xie T"
rs11921451-?	5E-6	-	NR	-	-	-	PRR23E,PLXNA1	"Amyotrophic lateral sclerosis (sporadic)"	"sporadic amyotrophic lateral sclerosis"	-	GCST002337	3:127068316	24529757	"Xie T"
rs13100616-?	9E-7	-	NR	-	-	-	KCNMB2-AS1,KCNMB2	"Amyotrophic lateral sclerosis (sporadic)"	"sporadic amyotrophic lateral sclerosis"	-	GCST002337	3:178681763	24529757	"Xie T"
rs3852053-?	2E-7	-	NR	-	-	-	MASP1	"Amyotrophic lateral sclerosis (sporadic)"	"sporadic amyotrophic lateral sclerosis"	-	GCST002337	3:187219412	24529757	"Xie T"
kgp11486290-?	7E-7	-	NR	-	-	-	-	"Amyotrophic lateral sclerosis (sporadic)"	"sporadic amyotrophic lateral sclerosis"	-	GCST002337	-	24529757	"Xie T"
rs4128705-?	6E-6	-	NR	-	-	-	CCSER1	"Amyotrophic lateral sclerosis (sporadic)"	"sporadic amyotrophic lateral sclerosis"	-	GCST002337	4:91362620	24529757	"Xie T"
rs6851442-?	3E-6	-	NR	-	-	-	LEF1,HADH	"Amyotrophic lateral sclerosis (sporadic)"	"sporadic amyotrophic lateral sclerosis"	-	GCST002337	4:108038126	24529757	"Xie T"
kgp1156560-?	3E-6	-	NR	-	-	-	-	"Amyotrophic lateral sclerosis (sporadic)"	"sporadic amyotrophic lateral sclerosis"	-	GCST002337	-	24529757	"Xie T"
rs2667100-?	9E-7	-	NR	-	-	-	INPP4B	"Amyotrophic lateral sclerosis (sporadic)"	"sporadic amyotrophic lateral sclerosis"	-	GCST002337	4:142054920	24529757	"Xie T"
rs10495822-?	8E-6	-	NR	-	-	-	LINC01320	"Amyotrophic lateral sclerosis (sporadic)"	"sporadic amyotrophic lateral sclerosis"	-	GCST002337	2:34447854	24529757	"Xie T"
kgp12358136-?	3E-6	-	NR	-	-	-	-	"Amyotrophic lateral sclerosis (sporadic)"	"sporadic amyotrophic lateral sclerosis"	-	GCST002337	-	24529757	"Xie T"
kgp14389214-?	2E-7	-	NR	-	-	-	-	"Amyotrophic lateral sclerosis (sporadic)"	"sporadic amyotrophic lateral sclerosis"	-	GCST002337	-	24529757	"Xie T"
rs4234080-?	2E-7	-	NR	-	-	-	METTL21A	"Amyotrophic lateral sclerosis (sporadic)"	"sporadic amyotrophic lateral sclerosis"	-	GCST002337	2:207624377	24529757	"Xie T"
rs1987842-?	4E-6	-	NR	-	-	-	SPP2,TRPM8	"Amyotrophic lateral sclerosis (sporadic)"	"sporadic amyotrophic lateral sclerosis"	-	GCST002337	2:234019873	24529757	"Xie T"
kgp1737425-?	6E-7	-	NR	-	-	-	-	"Amyotrophic lateral sclerosis (sporadic)"	"sporadic amyotrophic lateral sclerosis"	-	GCST002337	-	24529757	"Xie T"
kgp6833820-?	4E-7	-	NR	-	-	-	-	"Amyotrophic lateral sclerosis (sporadic)"	"sporadic amyotrophic lateral sclerosis"	-	GCST002337	-	24529757	"Xie T"
kgp18237904-?	6E-6	-	NR	-	-	-	-	"Amyotrophic lateral sclerosis (sporadic)"	"sporadic amyotrophic lateral sclerosis"	-	GCST002337	-	24529757	"Xie T"
kgp11801513-?	6E-6	-	NR	-	-	-	-	"Amyotrophic lateral sclerosis (sporadic)"	"sporadic amyotrophic lateral sclerosis"	-	GCST002337	-	24529757	"Xie T"
kgp21251150-?	3E-7	-	NR	-	-	-	-	"Amyotrophic lateral sclerosis (sporadic)"	"sporadic amyotrophic lateral sclerosis"	-	GCST002337	-	24529757	"Xie T"
rs7679218-?	5E-6	-	NR	-	-	-	ANXA3	"Amyotrophic lateral sclerosis (sporadic)"	"sporadic amyotrophic lateral sclerosis"	-	GCST002337	4:78585710	24529757	"Xie T"
rs13133845-?	6E-6	-	NR	-	-	-	PDLIM5,BMPR1B-DT	"Amyotrophic lateral sclerosis (sporadic)"	"sporadic amyotrophic lateral sclerosis"	-	GCST002337	4:94673465	24529757	"Xie T"
rs10029851-?	1E-7	-	NR	-	-	-	OSTC,ETNPPL	"Amyotrophic lateral sclerosis (sporadic)"	"sporadic amyotrophic lateral sclerosis"	-	GCST002337	4:108706869	24529757	"Xie T"
rs7698598-?	2E-6	-	NR	-	-	-	SYNPO2	"Amyotrophic lateral sclerosis (sporadic)"	"sporadic amyotrophic lateral sclerosis"	-	GCST002337	4:119030492	24529757	"Xie T"
kgp9775491-?	6E-6	-	NR	-	-	-	-	"Amyotrophic lateral sclerosis (sporadic)"	"sporadic amyotrophic lateral sclerosis"	-	GCST002337	-	24529757	"Xie T"
kgp513891-?	3E-7	-	NR	-	-	-	-	"Amyotrophic lateral sclerosis (sporadic)"	"sporadic amyotrophic lateral sclerosis"	-	GCST002337	-	24529757	"Xie T"
kgp3795669-?	8E-6	-	NR	-	-	-	-	"Amyotrophic lateral sclerosis (sporadic)"	"sporadic amyotrophic lateral sclerosis"	-	GCST002337	-	24529757	"Xie T"
kgp16945245-?	5E-6	-	NR	-	-	-	-	"Amyotrophic lateral sclerosis (sporadic)"	"sporadic amyotrophic lateral sclerosis"	-	GCST002337	-	24529757	"Xie T"
rs7755729-?	3E-6	-	NR	-	-	-	LAMA2	"Amyotrophic lateral sclerosis (sporadic)"	"sporadic amyotrophic lateral sclerosis"	-	GCST002337	6:129462497	24529757	"Xie T"
kgp2730822-?	7E-6	-	NR	-	-	-	-	"Amyotrophic lateral sclerosis (sporadic)"	"sporadic amyotrophic lateral sclerosis"	-	GCST002337	-	24529757	"Xie T"
rs4719220-?	4E-6	-	NR	-	-	-	CALN1	"Amyotrophic lateral sclerosis (sporadic)"	"sporadic amyotrophic lateral sclerosis"	-	GCST002337	7:72215718	24529757	"Xie T"
kgp2113062-?	3E-6	-	NR	-	-	-	-	"Amyotrophic lateral sclerosis (sporadic)"	"sporadic amyotrophic lateral sclerosis"	-	GCST002337	-	24529757	"Xie T"
rs13256095-?	6E-6	-	NR	-	-	-	PDGFRL	"Amyotrophic lateral sclerosis (sporadic)"	"sporadic amyotrophic lateral sclerosis"	-	GCST002337	8:17603912	24529757	"Xie T"
rs7830371-?	8E-7	-	NR	-	-	-	CLVS1	"Amyotrophic lateral sclerosis (sporadic)"	"sporadic amyotrophic lateral sclerosis"	-	GCST002337	8:61143108	24529757	"Xie T"
kgp692907-?	3E-6	-	NR	-	-	-	-	"Amyotrophic lateral sclerosis (sporadic)"	"sporadic amyotrophic lateral sclerosis"	-	GCST002337	-	24529757	"Xie T"
kgp18356648-?	2E-6	-	NR	-	-	-	-	"Amyotrophic lateral sclerosis (sporadic)"	"sporadic amyotrophic lateral sclerosis"	-	GCST002337	-	24529757	"Xie T"
kgp6826200-?	8E-6	-	NR	-	-	-	-	"Amyotrophic lateral sclerosis (sporadic)"	"sporadic amyotrophic lateral sclerosis"	-	GCST002337	-	24529757	"Xie T"
kgp200668-?	7E-7	-	NR	-	-	-	-	"Amyotrophic lateral sclerosis (sporadic)"	"sporadic amyotrophic lateral sclerosis"	-	GCST002337	-	24529757	"Xie T"
kgp3925218-?	5E-6	-	NR	-	-	-	-	"Amyotrophic lateral sclerosis (sporadic)"	"sporadic amyotrophic lateral sclerosis"	-	GCST002337	-	24529757	"Xie T"
kgp11897960-?	3E-6	-	NR	-	-	-	-	"Amyotrophic lateral sclerosis (sporadic)"	"sporadic amyotrophic lateral sclerosis"	-	GCST002337	-	24529757	"Xie T"
kgp12317355-?	9E-9	-	0.93	-	-	-	-	"Amyotrophic lateral sclerosis (sporadic)"	"sporadic amyotrophic lateral sclerosis"	-	GCST002337	-	24529757	"Xie T"
kgp8087771-?	2E-10	-	0.2	3.0327	-	[2.212039-4.157817]	-	"Amyotrophic lateral sclerosis (sporadic)"	"sporadic amyotrophic lateral sclerosis"	-	GCST002337	-	24529757	"Xie T"
rs16938145-?	1E-6	-	NR	-	-	-	RN7SL592P,VLDLR-AS1	"Amyotrophic lateral sclerosis (sporadic)"	"sporadic amyotrophic lateral sclerosis"	-	GCST002337	9:2256092	24529757	"Xie T"
kgp16051801-?	4E-6	-	NR	-	-	-	-	"Amyotrophic lateral sclerosis (sporadic)"	"sporadic amyotrophic lateral sclerosis"	-	GCST002337	-	24529757	"Xie T"
rs17684824-?	4E-6	-	NR	-	-	-	CRBN,SUMF1	"Amyotrophic lateral sclerosis (sporadic)"	"sporadic amyotrophic lateral sclerosis"	-	GCST002337	3:3546358	24529757	"Xie T"
rs10508264-?	2E-6	-	NR	-	-	-	KLF6,LINC02669	"Amyotrophic lateral sclerosis (sporadic)"	"sporadic amyotrophic lateral sclerosis"	-	GCST002337	10:3762065	24529757	"Xie T"
kgp22358183-?	1E-6	-	NR	-	-	-	-	"Amyotrophic lateral sclerosis (sporadic)"	"sporadic amyotrophic lateral sclerosis"	-	GCST002337	-	24529757	"Xie T"
rs17603886-?	7E-6	-	NR	-	-	-	ATP2B2	"Amyotrophic lateral sclerosis (sporadic)"	"sporadic amyotrophic lateral sclerosis"	-	GCST002337	3:10443042	24529757	"Xie T"
rs551585-?	3E-7	-	NR	-	-	-	ST6GALNAC3,TPI1P1	"Amyotrophic lateral sclerosis (sporadic)"	"sporadic amyotrophic lateral sclerosis"	-	GCST002337	1:76660688	24529757	"Xie T"
kgp9635970-?	1E-6	-	NR	-	-	-	-	"Amyotrophic lateral sclerosis (sporadic)"	"sporadic amyotrophic lateral sclerosis"	-	GCST002337	-	24529757	"Xie T"
kgp12038473-?	1E-6	-	NR	-	-	-	-	"Amyotrophic lateral sclerosis (sporadic)"	"sporadic amyotrophic lateral sclerosis"	-	GCST002337	-	24529757	"Xie T"
kgp1211864-?	6E-6	-	NR	-	-	-	-	"Amyotrophic lateral sclerosis (sporadic)"	"sporadic amyotrophic lateral sclerosis"	-	GCST002337	-	24529757	"Xie T"
kgp4318399-?	3E-6	-	NR	-	-	-	-	"Amyotrophic lateral sclerosis (sporadic)"	"sporadic amyotrophic lateral sclerosis"	-	GCST002337	-	24529757	"Xie T"
rs16945894-?	9E-6	-	NR	-	-	-	ABCC12	"Amyotrophic lateral sclerosis (sporadic)"	"sporadic amyotrophic lateral sclerosis"	-	GCST002337	16:48146199	24529757	"Xie T"
rs17162257-?	1E-6	-	NR	-	-	-	RNU7-29P,ARID1A	"Amyotrophic lateral sclerosis (sporadic)"	"sporadic amyotrophic lateral sclerosis"	-	GCST002337	1:26602511	24529757	"Xie T"
rs730547-?	1E-7	-	NR	-	-	-	CCT6B,TMEM132E	"Amyotrophic lateral sclerosis (sporadic)"	"sporadic amyotrophic lateral sclerosis"	-	GCST002337	17:34785087	24529757	"Xie T"
rs10754283-?	5E-6	-	NR	-	-	-	LRRC8C	"Amyotrophic lateral sclerosis (sporadic)"	"sporadic amyotrophic lateral sclerosis"	-	GCST002337	1:89646872	24529757	"Xie T"
rs16975050-?	5E-7	-	NR	-	-	-	KC6	"Amyotrophic lateral sclerosis (sporadic)"	"sporadic amyotrophic lateral sclerosis"	-	GCST002337	18:41607206	24529757	"Xie T"
kgp8037522-?	9E-6	-	NR	-	-	-	-	"Amyotrophic lateral sclerosis (sporadic)"	"sporadic amyotrophic lateral sclerosis"	-	GCST002337	-	24529757	"Xie T"
rs6531209-?	3E-6	-	NR	-	-	-	LAPTM4A-DT,RPS16P2	"Amyotrophic lateral sclerosis (sporadic)"	"sporadic amyotrophic lateral sclerosis"	-	GCST002337	2:20134962	24529757	"Xie T"
kgp4528686-?	5E-6	-	NR	-	-	-	-	"Amyotrophic lateral sclerosis (sporadic)"	"sporadic amyotrophic lateral sclerosis"	-	GCST002337	-	24529757	"Xie T"
rs1400816-?	1E-6	-	NR	-	-	-	SLC25A12	"Amyotrophic lateral sclerosis (sporadic)"	"sporadic amyotrophic lateral sclerosis"	-	GCST002337	2:171824168	24529757	"Xie T"
rs6722486-?	3E-6	-	NR	-	-	-	PTH2R	"Amyotrophic lateral sclerosis (sporadic)"	"sporadic amyotrophic lateral sclerosis"	-	GCST002337	2:208591041	24529757	"Xie T"
rs1605070-?	2E-9	-	0.14	3.9462	-	[2.78601-5.589479]	IQCF1,IQCF5-AS1	"Amyotrophic lateral sclerosis (sporadic)"	"sporadic amyotrophic lateral sclerosis"	-	GCST002337	3:51882999	24529757	"Xie T"
rs10260404-?	3E-6	" "	0.37	1.37	-	[1.20-1.56]	DPP6	"Amyotrophic lateral sclerosis"	"amyotrophic lateral sclerosis"	-	GCST000126	7:154513713	18057069	"Cronin S"
rs10260404-C	3E-6	-	0.35	1.37	-	[1.20-1.56]	DPP6	"Amyotrophic lateral sclerosis"	"amyotrophic lateral sclerosis"	-	GCST000260	7:154513713	18987618	"Cronin S"
rs3849942-A	9E-11	-	0.16	2.16	-	[1.72-2.70]	C9orf72,EMICERI	"Amyotrophic lateral sclerosis"	"amyotrophic lateral sclerosis"	-	GCST000781	9:27543283	20801718	"Laaksovirta H"
rs13048019-T	3E-8	-	0.17	2.02	-	[1.61-2.53]	TIAM1	"Amyotrophic lateral sclerosis"	"amyotrophic lateral sclerosis"	-	GCST000781	21:31545981	20801718	"Laaksovirta H"
rs2278170-?	7E-6	(outcome)	NR	1.43	-	[1.25-1.67]	OR52K3P	"Amyotrophic lateral sclerosis"	"amyotrophic lateral sclerosis"	-	GCST001460	11:4475616	22470424	"Kwee LC"
rs3113494-?	9E-7	(outcome)	NR	1.43	-	[1.25-1.67]	C4orf36	"Amyotrophic lateral sclerosis"	"amyotrophic lateral sclerosis"	-	GCST001460	4:86911448	22470424	"Kwee LC"
rs7019351-A	3E-15	-	0.235	-	-	-	MOB3B	"Amyotrophic lateral sclerosis"	"amyotrophic lateral sclerosis"	-	GCST007146	9:27491264	25442119	"McLaughlin RL"
rs2185341-T	2E-6	-	0.153	2.412	-	[NR]	PPIAP34,ZBTB40	"Amyotrophic lateral sclerosis"	"amyotrophic lateral sclerosis"	-	GCST003175	1:22399332	26580837	"Chen CJ"
rs3772760-A	2E-6	-	0.106	2.643	-	[NR]	KALRN	"Amyotrophic lateral sclerosis"	"amyotrophic lateral sclerosis"	-	GCST003175	3:124453403	26580837	"Chen CJ"
rs4879628-T	1E-6	-	0.055	3.293	-	[NR]	APTX	"Amyotrophic lateral sclerosis"	"amyotrophic lateral sclerosis"	-	GCST003175	9:32888522	26580837	"Chen CJ"
rs11224052-T	9E-7	-	0.219	2.319	-	[NR]	LINC02697,LINC02714	"Amyotrophic lateral sclerosis"	"amyotrophic lateral sclerosis"	-	GCST003175	11:134870879	26580837	"Chen CJ"
rs2785946-A	8E-7	-	0.264	2.291	-	[NR]	MIR1297,RPL13AP25	"Amyotrophic lateral sclerosis"	"amyotrophic lateral sclerosis"	-	GCST003175	13:54355063	26580837	"Chen CJ"
rs9953769-G	9E-6	-	0.099	2.533	-	[NR]	LINC02582	"Amyotrophic lateral sclerosis"	"amyotrophic lateral sclerosis"	-	GCST003175	18:73354333	26580837	"Chen CJ"
rs3849942-?	2E-6	-	0.230	1.21	-	"[1.12 â€“ 1.31]"	C9orf72,EMICERI	"Amyotrophic lateral sclerosis"	"amyotrophic lateral sclerosis"	-	GCST008978	9:27543283	30976013	"Dekker AM"
rs16984239-?	2E-6	-	NR	2.1	-	[1.50-3.00]	KCNS3	"Amyotrophic lateral sclerosis"	"amyotrophic lateral sclerosis"	-	GCST000013	2:18053180	17362836	"Schymick JC"
rs11099864-?	9E-6	-	NR	1.0	-	[0.80-1.40]	FHDC1	"Amyotrophic lateral sclerosis"	"amyotrophic lateral sclerosis"	-	GCST000013	4:152972202	17362836	"Schymick JC"
rs4363506-?	7E-7	-	NR	1.9	-	[1.50-2.40]	NPS,DOCK1	"Amyotrophic lateral sclerosis"	"amyotrophic lateral sclerosis"	-	GCST000013	10:127476239	17362836	"Schymick JC"
rs12680546-?	3E-6	" "	NR	1.67	-	[1.25-2.00]	LINC02055	"Amyotrophic lateral sclerosis"	"amyotrophic lateral sclerosis"	-	GCST000013	8:135859496	17362836	"Schymick JC"
rs6013382-?	5E-6	" "	NR	1.43	-	[1.11-1.67]	ZFP64	"Amyotrophic lateral sclerosis"	"amyotrophic lateral sclerosis"	-	GCST000013	20:52086094	17362836	"Schymick JC"
rs2782931-?	6E-6	" "	NR	1.11	-	[0.91-1.43]	SUSD1	"Amyotrophic lateral sclerosis"	"amyotrophic lateral sclerosis"	-	GCST000013	9:112087910	17362836	"Schymick JC"
rs2306677-?	3E-6	-	0.07	1.58	-	[1.30-1.91]	ITPR2	"Amyotrophic lateral sclerosis"	"amyotrophic lateral sclerosis"	-	GCST000072	12:26483453	17827064	"van Es MA"
rs10260404-C	5E-8	" "	0.35	1.3	-	[1.18-1.43]	DPP6	"Amyotrophic lateral sclerosis"	"amyotrophic lateral sclerosis"	-	GCST000127	7:154513713	18084291	"van Es MA"
rs3825776-?	9E-6	" "	0.29	1.34	-	[1.20-1.46]	ALDH1A2,LIPC,LIPC-AS1	"Amyotrophic lateral sclerosis"	"amyotrophic lateral sclerosis"	-	GCST000127	15:58454631	18084291	"van Es MA"
rs7580332-?	9E-6	" "	0.45	1.22	-	[1.09-1.35]	KCNS3	"Amyotrophic lateral sclerosis"	"amyotrophic lateral sclerosis"	-	GCST000127	2:18359378	18084291	"van Es MA"
rs12145183-?	2E-14	-	NR	1.55	-	NR	TYW3,LHX8	"Amyotrophic lateral sclerosis"	"amyotrophic lateral sclerosis"	-	GCST009529	1:74806796	31872054	"Wei L"
rs1419311-?	5E-9	-	NR	1.28	-	NR	RNU6-1069P,LINC02422	"Amyotrophic lateral sclerosis"	"amyotrophic lateral sclerosis"	-	GCST009529	12:31871322	31872054	"Wei L"
rs1483023-?	1E-6	-	NR	1.2820514	-	NR	NPAP1P6,LINC01507	"Amyotrophic lateral sclerosis"	"amyotrophic lateral sclerosis"	-	GCST009529	9:79880853	31872054	"Wei L"
rs9610216-?	1E-6	-	NR	1.54	-	NR	MAPK1,YPEL1	"Amyotrophic lateral sclerosis"	"amyotrophic lateral sclerosis"	-	GCST009529	22:21744398	31872054	"Wei L"
rs1722923-?	4E-6	-	NR	1.2820514	-	NR	ACTR3B,LINC01287	"Amyotrophic lateral sclerosis"	"amyotrophic lateral sclerosis"	-	GCST009529	7:153286996	31872054	"Wei L"
rs6703183-?	1E-8	-	NR	1.3	-	NR	CAMK1G,MIR205HG	"Amyotrophic lateral sclerosis"	"amyotrophic lateral sclerosis"	-	GCST009529	1:209539544	31872054	"Wei L"
rs8141797-?	1E-12	-	NR	1.57	-	NR	SUSD2	"Amyotrophic lateral sclerosis"	"amyotrophic lateral sclerosis"	-	GCST009529	22:24186073	31872054	"Wei L"
rs4799088-?	9E-6	-	NR	1.15	-	[NR]	KCNG2	"Amyotrophic lateral sclerosis"	"amyotrophic lateral sclerosis"	-	GCST000820	18:79813548	20801717	"Shatunov A"
rs1488902-C	3E-6	-	NR	1.145	-	[NR]	H3P34,FOLH1B	"Amyotrophic lateral sclerosis"	"amyotrophic lateral sclerosis"	-	GCST000820	11:89611857	20801717	"Shatunov A"
rs3849942-G,rs10122902-G	5E-11	-	0.57	-	-	-	"EMICERI; C9orf72; C9orf72"	"Amyotrophic lateral sclerosis"	"amyotrophic lateral sclerosis"	-	GCST000820	9:27543283,9:27556782	20801717	"Shatunov A"
rs3849942-A,rs10122902-G	8E-10	-	0.23	-	-	-	"EMICERI; C9orf72; C9orf72"	"Amyotrophic lateral sclerosis"	"amyotrophic lateral sclerosis"	-	GCST000820	9:27543283,9:27556782	20801717	"Shatunov A"
rs2935183-?	5E-7	-	NR	-	-	-	NPEPPS	"Multiple sclerosis or amyotrophic lateral sclerosis"	"amyotrophic lateral sclerosis,multiple sclerosis"	-	GCST002274	17:47530206	24234648	"Goris A"
rs2619566-G	7E-6	"(age of onset)"	NR	-	"3.03 years decrease"	[1.71-4.35]	CNTN4	"Amyotrophic lateral sclerosis"	"amyotrophic lateral sclerosis"	-	GCST000406	3:2583254	19451621	"Landers JE"
rs16856202-C	8E-6	(susceptibilty)	0.04	2.0	-	[NR]	DISC1	"Amyotrophic lateral sclerosis"	"amyotrophic lateral sclerosis"	-	GCST000406	1:232019405	19451621	"Landers JE"
rs873917-T	8E-6	(susceptibilty)	0.29	1.16	-	[NR]	NT5C1A	"Amyotrophic lateral sclerosis"	"amyotrophic lateral sclerosis"	-	GCST000406	1:39667123	19451621	"Landers JE"
rs7577894-T	1E-6	"(site of onset)"	0.39	1.41	-	[NR]	EFEMP1,PNPT1	"Amyotrophic lateral sclerosis"	"amyotrophic lateral sclerosis"	-	GCST000406	2:55781769	19451621	"Landers JE"
rs10438933-G	1E-6	(susceptibilty)	0.12	1.3	-	[NR]	RN7SKP44,B4GALT6	"Amyotrophic lateral sclerosis"	"amyotrophic lateral sclerosis"	-	GCST000406	18:31693166	19451621	"Landers JE"
rs8066857-C	8E-6	"(site of onset)"	NR	1.48	-	[NR]	SLC39A11	"Amyotrophic lateral sclerosis"	"amyotrophic lateral sclerosis"	-	GCST000406	17:72699964	19451621	"Landers JE"
rs697739-A	4E-6	"(age of onset)"	NR	-	"2.04 years decrease"	[1.18-2.90]	ATXN1	"Amyotrophic lateral sclerosis"	"amyotrophic lateral sclerosis"	-	GCST000406	6:16741802	19451621	"Landers JE"
rs3177980-G	4E-6	(survival)	NR	-	"0.51 years increase"	[0.46-0.56]	FIRRM,SELL	"Amyotrophic lateral sclerosis"	"amyotrophic lateral sclerosis"	-	GCST000406	1:169707345	19451621	"Landers JE"
rs2823962-?	9E-6	(survival)	NR	-	-	-	RNU1-98P,MIR99AHG	"Amyotrophic lateral sclerosis"	"amyotrophic lateral sclerosis"	-	GCST000406	21:16673913	19451621	"Landers JE"
rs1541160-C	2E-8	(survival)	NR	-	"0.58 years increase"	[0.38-0.78]	KIFAP3	"Amyotrophic lateral sclerosis"	"amyotrophic lateral sclerosis"	-	GCST000406	1:170026661	19451621	"Landers JE"
rs3099950-?	8E-6	(survival)	NR	-	-	-	MORN2	"Amyotrophic lateral sclerosis"	"amyotrophic lateral sclerosis"	-	GCST000406	2:38882417	19451621	"Landers JE"
rs11241713-T	3E-6	(survival)	NR	-	"0.79 years increase"	[0.46-1.12]	LINC01170,KRT18P16	"Amyotrophic lateral sclerosis"	"amyotrophic lateral sclerosis"	-	GCST000406	5:123783871	19451621	"Landers JE"
rs855913-A	4E-8	(survival)	NR	-	"1.08 years increase"	[0.70-1.46]	ZNF746,ZNF767P	"Amyotrophic lateral sclerosis"	"amyotrophic lateral sclerosis"	-	GCST000406	7:149506571	19451621	"Landers JE"
rs7702057-A	8E-6	"(site of onset)"	0.03	2.05	-	[NR]	COMMD10	"Amyotrophic lateral sclerosis"	"amyotrophic lateral sclerosis"	-	GCST000406	5:116392141	19451621	"Landers JE"
rs13015447-G	7E-6	"(site of onset)"	0.34	1.41	-	[NR]	SCN7A	"Amyotrophic lateral sclerosis"	"amyotrophic lateral sclerosis"	-	GCST000406	2:166521468	19451621	"Landers JE"
rs10192369-T	9E-6	(susceptibilty)	0.47	1.17	-	[NR]	RN7SL423P,RBMS1	"Amyotrophic lateral sclerosis"	"amyotrophic lateral sclerosis"	-	GCST000406	2:160524377	19451621	"Landers JE"
rs3849943-C	6E-10	-	0.24	1.22	-	[NR]	EMICERI,C9orf72	"Amyotrophic lateral sclerosis"	"amyotrophic lateral sclerosis"	-	GCST002509	9:27543384	24931836	"Diekstra FP"
rs12608932-C	2E-8	-	0.35	1.18	-	[NR]	UNC13A	"Amyotrophic lateral sclerosis"	"amyotrophic lateral sclerosis"	-	GCST002509	19:17641880	24931836	"Diekstra FP"
rs13268726-?	5E-6	-	0.10	1.25	-	[NR]	SQLE	"Amyotrophic lateral sclerosis"	"amyotrophic lateral sclerosis"	-	GCST002509	8:125000892	24931836	"Diekstra FP"
rs7477-A	3E-7	-	0.49	1.16	-	[NR]	PIGL,CENPV	"Amyotrophic lateral sclerosis"	"amyotrophic lateral sclerosis"	-	GCST002509	17:16342702	24931836	"Diekstra FP"
rs7638688-?	1E-6	-	0.71	1.1764705	-	[NR]	NME9	"Amyotrophic lateral sclerosis"	"amyotrophic lateral sclerosis"	-	GCST002509	3:138306779	24931836	"Diekstra FP"
rs10233425-C	8E-6	-	0.01	1.88	-	[NR]	POLR1F,FERD3L	"Amyotrophic lateral sclerosis"	"amyotrophic lateral sclerosis"	-	GCST002509	7:19257345	24931836	"Diekstra FP"
rs3736947-C	8E-11	-	NR	1.087	-	[1.073-1.101]	ACSL5	"Amyotrophic lateral sclerosis"	"amyotrophic lateral sclerosis"	-	GCST010857	10:112409432	32968195	"Nakamura R"
rs139550538-?	2E-9	-	NR	-	"0.4807 unit increase"	[NR]	IDE	"Survival in sporadic amyotrophic lateral sclerosis"	"sporadic amyotrophic lateral sclerosis,survival time"	-	GCST003632	10:92524312	27244217	"Fogh I"
rs2412208-?	4E-8	-	NR	-	"0.1617 unit decrease"	[NR]	CAMTA1	"Survival in sporadic amyotrophic lateral sclerosis"	"sporadic amyotrophic lateral sclerosis,survival time"	-	GCST003632	1:7032722	27244217	"Fogh I"
rs969599-?	3E-7	-	NR	-	"0.3112 unit decrease"	[NR]	PSD3	"Survival in sporadic amyotrophic lateral sclerosis"	"sporadic amyotrophic lateral sclerosis,survival time"	-	GCST003632	8:18567221	27244217	"Fogh I"
rs72911847-?	5E-7	-	NR	-	"0.4722 unit decrease"	[NR]	DNAJC17P1,SEC61GP1	"Survival in sporadic amyotrophic lateral sclerosis"	"sporadic amyotrophic lateral sclerosis,survival time"	-	GCST003632	2:193714051	27244217	"Fogh I"
rs75285952-?	8E-7	-	NR	-	"0.3047 unit increase"	[NR]	IGBP1P5,RN7SL101P	"Survival in sporadic amyotrophic lateral sclerosis"	"sporadic amyotrophic lateral sclerosis,survival time"	-	GCST003632	4:27902934	27244217	"Fogh I"
rs115134572-?	6E-7	-	NR	-	"0.4727 unit decrease"	[NR]	SLC9A9	"Survival in sporadic amyotrophic lateral sclerosis"	"sporadic amyotrophic lateral sclerosis,survival time"	-	GCST003632	3:143629403	27244217	"Fogh I"
rs12608932-?	6E-6	-	0.335	-	-	-	UNC13A	"Amyotrophic lateral sclerosis (sporadic)"	"sporadic amyotrophic lateral sclerosis"	-	GCST002283	19:17641880	24256812	"Fogh I"
rs3849942-?	1E-8	-	0.237	-	-	-	C9orf72,EMICERI	"Amyotrophic lateral sclerosis (sporadic)"	"sporadic amyotrophic lateral sclerosis"	-	GCST002283	9:27543283	24256812	"Fogh I"
rs34517613-T	9E-9	-	NR	1.2	-	[1.12-1.29]	KRT18P55	"Amyotrophic lateral sclerosis (sporadic)"	"sporadic amyotrophic lateral sclerosis"	-	GCST002283	17:28283226	24256812	"Fogh I"
rs1788776-A	8E-6	-	NR	1.11	-	[1.06-1.16]	ANKRD29,RPS10P27	"Amyotrophic lateral sclerosis (sporadic)"	"sporadic amyotrophic lateral sclerosis"	-	GCST002283	18:23664073	24256812	"Fogh I"
rs12608932-?	3E-10	-	NR	-	"0.0215 unit decrease"	[0.015-0.028]	UNC13A	"Amyotrophic lateral sclerosis (sporadic)"	"sporadic amyotrophic lateral sclerosis"	-	GCST004901	19:17641880	28931804	"Benyamin B"
rs3849943-?	3E-23	-	NR	-	"0.0388 unit increase"	[0.031-0.046]	EMICERI,C9orf72	"Amyotrophic lateral sclerosis (sporadic)"	"sporadic amyotrophic lateral sclerosis"	-	GCST004901	9:27543384	28931804	"Benyamin B"
rs35714695-?	3E-10	-	NR	-	"0.0281 unit increase"	[0.019-0.037]	SARM1	"Amyotrophic lateral sclerosis (sporadic)"	"sporadic amyotrophic lateral sclerosis"	-	GCST004901	17:28392769	28931804	"Benyamin B"
rs616147-?	2E-8	-	NR	-	"0.02 unit increase"	[0.013-0.027]	MOBP	"Amyotrophic lateral sclerosis (sporadic)"	"sporadic amyotrophic lateral sclerosis"	-	GCST004901	3:39492990	28931804	"Benyamin B"
rs2364403-A	1E-6	(Meta)	0.2	-	-	-	ARHGEF2	"Amyotrophic lateral sclerosis (age of onset)"	"amyotrophic lateral sclerosis,age at onset"	-	GCST001663	1:155957961	22959728	"Ahmeti KB"
rs2819332-A	5E-6	(Meta)	0.23	-	-	-	PTPRF	"Amyotrophic lateral sclerosis (age of onset)"	"amyotrophic lateral sclerosis,age at onset"	-	GCST001663	1:43539609	22959728	"Ahmeti KB"
rs669446-T	5E-6	(Meta)	0.31	-	-	-	KDM4A	"Amyotrophic lateral sclerosis (age of onset)"	"amyotrophic lateral sclerosis,age at onset"	-	GCST001663	1:43664108	22959728	"Ahmeti KB"
rs1421746-C	8E-6	(Joint)	0.35	-	-	-	CCDC192	"Amyotrophic lateral sclerosis (age of onset)"	"amyotrophic lateral sclerosis,age at onset"	-	GCST001663	5:127816284	22959728	"Ahmeti KB"
rs10503672-T	3E-6	(Meta)	0.26	-	-	-	RPL30P9,SLC18A1	"Amyotrophic lateral sclerosis (age of onset)"	"amyotrophic lateral sclerosis,age at onset"	-	GCST001663	8:20130192	22959728	"Ahmeti KB"
rs1491818-C	8E-6	(Joint)	0.31	-	-	-	LINC02755,LINC02742	"Amyotrophic lateral sclerosis (age of onset)"	"amyotrophic lateral sclerosis,age at onset"	-	GCST001663	11:29173590	22959728	"Ahmeti KB"
rs2904524-T	5E-6	(Joint)	0.13	-	-	-	CNOT2	"Amyotrophic lateral sclerosis (age of onset)"	"amyotrophic lateral sclerosis,age at onset"	-	GCST001663	12:70296305	22959728	"Ahmeti KB"
rs7147705-T	6E-6	(Meta)	0.29	-	-	-	NRXN3	"Amyotrophic lateral sclerosis (age of onset)"	"amyotrophic lateral sclerosis,age at onset"	-	GCST001663	14:79535753	22959728	"Ahmeti KB"
rs3011225-G	7E-8	(Joint)	0.22	-	-	-	ST3GAL3	"Amyotrophic lateral sclerosis (age of onset)"	"amyotrophic lateral sclerosis,age at onset"	-	GCST001663	1:43853701	22959728	"Ahmeti KB"
rs12651329-C	5E-7	(Joint)	0.39	-	-	-	ARAP2	"Amyotrophic lateral sclerosis (age of onset)"	"amyotrophic lateral sclerosis,age at onset"	-	GCST001663	4:36077972	22959728	"Ahmeti KB"
rs6956741-G	2E-6	(Meta)	0.06	-	-	-	IFRD1	"Amyotrophic lateral sclerosis (age of onset)"	"amyotrophic lateral sclerosis,age at onset"	-	GCST001663	7:112454688	22959728	"Ahmeti KB"
rs7047865-G	7E-6	(Meta)	0.41	-	-	-	PCSK5	"Amyotrophic lateral sclerosis (age of onset)"	"amyotrophic lateral sclerosis,age at onset"	-	GCST001663	9:76050860	22959728	"Ahmeti KB"
rs2036225-T	8E-6	(Meta)	0.41	-	-	-	ANKS1B	"Amyotrophic lateral sclerosis (age of onset)"	"amyotrophic lateral sclerosis,age at onset"	-	GCST001663	12:98796594	22959728	"Ahmeti KB"
rs2303565-C	6E-7	(Meta)	0.43	1.17	-	[1.1-1.24]	STK36	"Amyotrophic lateral sclerosis"	"amyotrophic lateral sclerosis"	-	GCST001664	2:218680586	22959728	"Ahmeti KB"
rs7607369-A	7E-6	(Meta)	0.42	1.15	-	[1.08-1.24]	CTDSP1,VIL1	"Amyotrophic lateral sclerosis"	"amyotrophic lateral sclerosis"	-	GCST001664	2:218414374	22959728	"Ahmeti KB"
rs1320900-?	7E-6	(Joint)	0.34	1.1905	-	[1.09-1.3]	CPNE4	"Amyotrophic lateral sclerosis"	"amyotrophic lateral sclerosis"	-	GCST001664	3:131994722	22959728	"Ahmeti KB"
rs7665939-?	9E-6	(Meta)	0.11	1.2346	-	[1.11-1.39]	LINC02508,HSP90AA4P	"Amyotrophic lateral sclerosis"	"amyotrophic lateral sclerosis"	-	GCST001664	4:189202164	22959728	"Ahmeti KB"
rs6918777-?	7E-6	(Meta)	0.45	1.1494	-	[1.08-1.22]	LINC02531	"Amyotrophic lateral sclerosis"	"amyotrophic lateral sclerosis"	-	GCST001664	6:92659937	22959728	"Ahmeti KB"
rs4917300-T	2E-6	(Joint)	0.46	1.27	-	[1.14-1.42]	MIR4472-1,DNAJC8P3	"Amyotrophic lateral sclerosis"	"amyotrophic lateral sclerosis"	-	GCST001664	8:142040310	22959728	"Ahmeti KB"
rs3849942-A	4E-7	(Joint)	0.23	1.21	-	[1.11-1.33]	C9orf72,EMICERI	"Amyotrophic lateral sclerosis"	"amyotrophic lateral sclerosis"	-	GCST001664	9:27543283	22959728	"Ahmeti KB"
rs4529888-?	5E-6	(Joint)	0.43	1.1364	-	[1.06-1.22]	KIRREL3-AS3,LINC02712	"Amyotrophic lateral sclerosis"	"amyotrophic lateral sclerosis"	-	GCST001664	11:127211696	22959728	"Ahmeti KB"
rs9533799-A	4E-6	(Joint)	0.36	1.17	-	[1.09-1.24]	SMIM2-AS1	"Amyotrophic lateral sclerosis"	"amyotrophic lateral sclerosis"	-	GCST001664	13:44234038	22959728	"Ahmeti KB"
rs1971791-G	1E-6	(Joint)	0.47	1.26	-	[1.14-1.4]	RNU6-745P,LINC02205	"Amyotrophic lateral sclerosis"	"amyotrophic lateral sclerosis"	-	GCST001664	15:70283799	22959728	"Ahmeti KB"
rs8056742-C	5E-7	(Joint)	0.11	1.27	-	[1.14-1.41]	KIAA0513	"Amyotrophic lateral sclerosis"	"amyotrophic lateral sclerosis"	-	GCST001664	16:85059142	22959728	"Ahmeti KB"
rs7477-T	3E-7	(Joint)	0.48	1.3	-	[1.16-1.44]	PIGL,CENPV	"Amyotrophic lateral sclerosis"	"amyotrophic lateral sclerosis"	-	GCST001664	17:16342702	22959728	"Ahmeti KB"
rs2006933-?	9E-7	(Meta)	0.25	1.2658	-	[1.16-1.37]	PPY2P,KRT18P55	"Amyotrophic lateral sclerosis"	"amyotrophic lateral sclerosis"	-	GCST001664	17:28274107	22959728	"Ahmeti KB"
rs11082762-A	7E-7	(Joint)	0.36	1.16	-	[1.09-1.24]	LAMA3	"Amyotrophic lateral sclerosis"	"amyotrophic lateral sclerosis"	-	GCST001664	18:23785889	22959728	"Ahmeti KB"
rs12608932-C	5E-8	(Meta)	0.34	1.37	-	[1.21-1.56]	UNC13A	"Amyotrophic lateral sclerosis"	"amyotrophic lateral sclerosis"	-	GCST001664	19:17641880	22959728	"Ahmeti KB"
rs1923626-?	2E-6	-	0.47	1.25	-	[1.14-1.37]	LINC01741,SEC16B	"Amyotrophic lateral sclerosis (C9orf72 mutation interaction)"	"amyotrophic lateral sclerosis"	-	GCST004791	1:177787369	22959728	"Ahmeti KB"
rs7729723-?	2E-6	-	0.47	1.2	-	[1.14-1.38]	EGR1,REEP2	"Amyotrophic lateral sclerosis (C9orf72 mutation interaction)"	"amyotrophic lateral sclerosis"	-	GCST004791	5:138461691	22959728	"Ahmeti KB"
rs4913250-?	3E-6	-	0.34	1.6393442	-	[1.33-2.13]	LINC02408	"Amyotrophic lateral sclerosis (C9orf72 mutation interaction)"	"amyotrophic lateral sclerosis"	-	GCST004791	12:67534444	22959728	"Ahmeti KB"
rs2838568-?	2E-7	-	NR	1.3157895	-	[1.19-1.45]	HEPFAL	"Amyotrophic lateral sclerosis in C9orf72 mutation negative individuals"	"amyotrophic lateral sclerosis"	-	GCST004793	21:44476857	22959728	"Ahmeti KB"
rs524675-?	2E-6	-	NR	1.4492754	-	[1.25-1.69]	LINC01182	"Amyotrophic lateral sclerosis in C9orf72 mutation negative individuals"	"amyotrophic lateral sclerosis"	-	GCST004793	4:13965227	22959728	"Ahmeti KB"
rs42714-?	2E-6	-	NR	1.6393442	-	[1.33-2]	CREB5	"Amyotrophic lateral sclerosis in C9orf72 mutation negative individuals"	"amyotrophic lateral sclerosis"	-	GCST004793	7:28415614	22959728	"Ahmeti KB"
rs11096913-?	3E-6	-	NR	1.41	-	[1.22-1.64]	TBC1D1	"Amyotrophic lateral sclerosis in C9orf72 mutation negative individuals"	"amyotrophic lateral sclerosis"	-	GCST004793	4:37913841	22959728	"Ahmeti KB"
rs1320900-?	4E-7	-	NR	1.2987013	-	[1.18-1.45]	CPNE4	"Amyotrophic lateral sclerosis in C9orf72 mutation positive individuals"	"amyotrophic lateral sclerosis"	-	GCST004792	3:131994722	22959728	"Ahmeti KB"
rs12608932-?	4E-7	-	NR	1.21	-	[1.13-1.31]	UNC13A	"Amyotrophic lateral sclerosis in C9orf72 mutation positive individuals"	"amyotrophic lateral sclerosis"	-	GCST004792	19:17641880	22959728	"Ahmeti KB"
rs4877387-?	6E-6	-	NR	1.21	-	[1.11-1.31]	CHCHD2P9,KRT18P24	"Amyotrophic lateral sclerosis in C9orf72 mutation positive individuals"	"amyotrophic lateral sclerosis"	-	GCST004792	9:79064959	22959728	"Ahmeti KB"
rs1510510-?	7E-6	-	NR	1.3	-	[1.16-1.45]	LINC01937	"Amyotrophic lateral sclerosis in C9orf72 mutation positive individuals"	"amyotrophic lateral sclerosis"	-	GCST004792	2:238590694	22959728	"Ahmeti KB"
rs10870270-?	9E-6	-	0.24	1.2	-	[1.11-1.31]	PPP2R2D	"Amyotrophic lateral sclerosis in C9orf72 mutation positive individuals"	"amyotrophic lateral sclerosis"	-	GCST004792	10:131940830	22959728	"Ahmeti KB"
rs2199351-?	9E-6	-	NR	1.2048193	-	[1.11-1.3]	CPNE4	"Amyotrophic lateral sclerosis in C9orf72 mutation positive individuals"	"amyotrophic lateral sclerosis"	-	GCST004792	3:131888695	22959728	"Ahmeti KB"
rs2405657-?	3E-6	-	0.66	1.19	-	[NR]	RNA5SP347,LINC02713	"Amyotrophic lateral sclerosis"	"amyotrophic lateral sclerosis"	-	GCST000481	11:97811564	19734901	"van Es MA"
rs3849942-?	1E-8	-	0.23	1.23	-	[NR]	C9orf72,EMICERI	"Amyotrophic lateral sclerosis"	"amyotrophic lateral sclerosis"	-	GCST000481	9:27543283	19734901	"van Es MA"
rs9971637-?	2E-6	-	0.05	1.48	-	[NR]	PSMC1P8,RPL7P40	"Amyotrophic lateral sclerosis"	"amyotrophic lateral sclerosis"	-	GCST000481	12:17220805	19734901	"van Es MA"
rs774359-?	3E-6	-	0.25	1.19	-	[NR]	C9orf72	"Amyotrophic lateral sclerosis"	"amyotrophic lateral sclerosis"	-	GCST000481	9:27561051	19734901	"van Es MA"
rs5916687-?	3E-6	-	0.27	1.22	-	[NR]	RPL24P9,MTND6P12	"Amyotrophic lateral sclerosis"	"amyotrophic lateral sclerosis"	-	GCST000481	X:4678097	19734901	"van Es MA"
rs5937496-?	6E-7	-	0.13	1.38	-	[NR]	ARL5AP5,PBDC1	"Amyotrophic lateral sclerosis"	"amyotrophic lateral sclerosis"	-	GCST000481	X:76127599	19734901	"van Es MA"
rs2814707-?	7E-9	-	0.23	1.22	-	[NR]	C9orf72,EMICERI	"Amyotrophic lateral sclerosis"	"amyotrophic lateral sclerosis"	-	GCST000481	9:27536399	19734901	"van Es MA"
rs12608932-?	3E-14	-	0.34	1.25	-	[NR]	UNC13A	"Amyotrophic lateral sclerosis"	"amyotrophic lateral sclerosis"	-	GCST000481	19:17641880	19734901	"van Es MA"
rs6703183-A	3E-8	-	0.3416	1.312	-	[NR]	CAMK1G,MIR205HG	"Amyotrophic lateral sclerosis"	"amyotrophic lateral sclerosis"	-	GCST001981	1:209539544	23624525	"Deng M"
rs8141797-G	2E-9	-	0.1026	1.52	-	[NR]	SUSD2	"Amyotrophic lateral sclerosis"	"amyotrophic lateral sclerosis"	-	GCST001981	22:24186073	23624525	"Deng M"
rs12546767-?	1E-7	-	0.90	1.22	-	[NR]	WASHC5	"Amyotrophic lateral sclerosis or frontotemporal dementia"	"frontotemporal dementia,amyotrophic lateral sclerosis"	-	GCST002510	8:125070323	24931836	"Diekstra FP"
chr2:179179368916-C	2E-8	-	0.351	6.04	-	[3.24-11.27]	-	"Rapid functional decline in sporadic amyotrophic lateral sclerosis"	"functional decline measurement"	"sporadic amyotrophic lateral sclerosis"	GCST003332	-	26746183	"Watanabe H"
rs554823684-G	2E-11	-	0.999	-	"3.114 unit decrease"	[3.09-3.14]	NEK4P1,RNU1-98P	"Takes medication for Amytrophic Lateral Sclerosis (ALS or Lou Gehrig's Disease)?"	"drug use measurement,amyotrophic lateral sclerosis"	-	GCST90479716	21:16940597	39024449	"Verma A"
rs181900403-G	2E-11	-	0.9989	-	"2.276 unit decrease"	[2.23-2.33]	RNU6-718P,TUBAP15	"Takes medication for Amytrophic Lateral Sclerosis (ALS or Lou Gehrig's Disease)?"	"drug use measurement,amyotrophic lateral sclerosis"	-	GCST90479716	5:120225296	39024449	"Verma A"
rs527757240-A	2E-11	-	0.9993	-	"2.695 unit decrease"	[2.66-2.73]	LINC03062,MIR4290HG	"Takes medication for Amytrophic Lateral Sclerosis (ALS or Lou Gehrig's Disease)?"	"drug use measurement,amyotrophic lateral sclerosis"	-	GCST90479716	9:89930664	39024449	"Verma A"
rs141836498-G	2E-11	-	0.9988	-	"2.554 unit decrease"	[2.51-2.6]	CADM1	"Takes medication for Amytrophic Lateral Sclerosis (ALS or Lou Gehrig's Disease)?"	"drug use measurement,amyotrophic lateral sclerosis"	-	GCST90479716	11:115358815	39024449	"Verma A"
rs185989172-C	2E-11	-	0.9997	-	"4.617 unit decrease"	[4.61-4.62]	HMGB1	"Takes medication for Amytrophic Lateral Sclerosis (ALS or Lou Gehrig's Disease)?"	"drug use measurement,amyotrophic lateral sclerosis"	-	GCST90479716	13:30491089	39024449	"Verma A"
rs141805452-G	5E-11	-	0.9987	-	"2.174 unit decrease"	[2.12-2.23]	ZC3H14	"Takes medication for Amytrophic Lateral Sclerosis (ALS or Lou Gehrig's Disease)?"	"drug use measurement,amyotrophic lateral sclerosis"	-	GCST90479716	14:88591970	39024449	"Verma A"
rs557852210-C	3E-11	-	0.9994	-	"3.036 unit decrease"	[3.01-3.06]	LINC02490	"Takes medication for Amytrophic Lateral Sclerosis (ALS or Lou Gehrig's Disease)?"	"drug use measurement,amyotrophic lateral sclerosis"	-	GCST90479716	15:53158769	39024449	"Verma A"
rs562331457-G	1E-11	-	0.9993	-	"3.008 unit decrease"	[2.98-3.04]	GLG1	"Takes medication for Amytrophic Lateral Sclerosis (ALS or Lou Gehrig's Disease)?"	"drug use measurement,amyotrophic lateral sclerosis"	-	GCST90479716	16:74447619	39024449	"Verma A"
rs10463311-?	4E-8	(EA)	0.2479	1.0869565	-	[1.05-1.12]	TNIP1	"Amyotrophic lateral sclerosis"	"amyotrophic lateral sclerosis"	-	GCST005647	5:151031274	29566793	"Nicolas A"
rs74654358-?	5E-9	(EA)	0.0425	1.22	-	[1.14-1.30]	TBK1	"Amyotrophic lateral sclerosis"	"amyotrophic lateral sclerosis"	-	GCST005647	12:64488187	29566793	"Nicolas A"
rs12973192-?	4E-15	(EA)	0.3195	1.1235955	-	[1.1-1.16]	UNC13A	"Amyotrophic lateral sclerosis"	"amyotrophic lateral sclerosis"	-	GCST005647	19:17642430	29566793	"Nicolas A"
rs75087725-?	2E-14	(EA)	0.0078	1.67	-	[1.46-1.91]	CFAP410	"Amyotrophic lateral sclerosis"	"amyotrophic lateral sclerosis"	-	GCST005647	21:44333234	29566793	"Nicolas A"
rs113247976-?	7E-13	-	0.0149	1.39	-	[1.33-1.45]	KIF5A	"Amyotrophic lateral sclerosis"	"amyotrophic lateral sclerosis"	-	GCST005647	12:57581917	29566793	"Nicolas A"
rs17070492-?	1E-7	(EA)	0.095	1.13	-	[1.08-1.19]	LINC03021	"Amyotrophic lateral sclerosis"	"amyotrophic lateral sclerosis"	-	GCST005647	8:2563763	29566793	"Nicolas A"
rs10139154-?	1E-7	(EA)	0.339	1.08	-	[1.05-1.11]	SCFD1	"Amyotrophic lateral sclerosis"	"amyotrophic lateral sclerosis"	-	GCST005647	14:30678292	29566793	"Nicolas A"
rs10143310-?	3E-7	(EA)	0.2436	1.09	-	[1.05-1.12]	ATXN3	"Amyotrophic lateral sclerosis"	"amyotrophic lateral sclerosis"	-	GCST005647	14:92074037	29566793	"Nicolas A"
rs75087725-?	3E-10	-	0.01	1.47	-	[1.31-1.66]	CFAP410	"Amyotrophic lateral sclerosis"	"amyotrophic lateral sclerosis"	-	GCST004692	21:44333234	27455348	"van Rheenen W"
rs616147-?	4E-10	-	0.28	1.1	-	[1.07-1.14]	MOBP	"Amyotrophic lateral sclerosis"	"amyotrophic lateral sclerosis"	-	GCST004692	3:39492990	27455348	"van Rheenen W"
rs10139154-?	3E-8	-	0.31	1.09	-	[1.06-1.12]	SCFD1	"Amyotrophic lateral sclerosis"	"amyotrophic lateral sclerosis"	-	GCST004692	14:30678292	27455348	"van Rheenen W"
rs74654358-A	7E-8	"(linear mixed model)"	0.049	1.21	-	[NR]	TBK1	"Amyotrophic lateral sclerosis"	"amyotrophic lateral sclerosis"	-	GCST004692	12:64488187	27455348	"van Rheenen W"
rs3849943-?	4E-19	-	0.2233	"1.2245 (NL3 cohort)"	-	[NR]	EMICERI,C9orf72	"Amyotrophic lateral sclerosis"	"amyotrophic lateral sclerosis"	-	GCST004692	9:27543384	27455348	"van Rheenen W"
rs12608932-?	2E-8	-	0.357	"1.098 (NL3 cohort)"	-	[NR]	UNC13A	"Amyotrophic lateral sclerosis"	"amyotrophic lateral sclerosis"	-	GCST004692	19:17641880	27455348	"van Rheenen W"
rs35714695-?	1E-8	-	0.82	"1.11 (NL3 cohort)"	-	[NR]	SARM1	"Amyotrophic lateral sclerosis"	"amyotrophic lateral sclerosis"	-	GCST004692	17:28392769	27455348	"van Rheenen W"
rs3849943-?	4E-30	(EA)	0.2362	1.1904762	-	[1.16-1.23]	EMICERI,C9orf72	"Amyotrophic lateral sclerosis"	"amyotrophic lateral sclerosis"	-	GCST005647	9:27543384	29566793	"Nicolas A"
rs9901522-?	9E-8	(EA)	0.0695	1.16	-	[1.10-1.22]	RPS18P12,LINC02096	"Amyotrophic lateral sclerosis"	"amyotrophic lateral sclerosis"	-	GCST005647	17:14770617	29566793	"Nicolas A"
rs631312-G	3E-12	-	NR	-	"0.08 unit increase"	[0.058-0.102]	MOBP	"Amyotrophic lateral sclerosis"	"amyotrophic lateral sclerosis"	-	GCST90027163	3:39467477	34873335	"van Rheenen W"
rs62333164-A	7E-9	-	NR	-	"0.07 unit increase"	[0.046-0.094]	CLCN3	"Amyotrophic lateral sclerosis"	"amyotrophic lateral sclerosis"	-	GCST90027163	4:169662006	34873335	"van Rheenen W"
rs10463311-C	3E-10	-	NR	-	"0.08 unit increase"	[0.06-0.1]	TNIP1	"Amyotrophic lateral sclerosis"	"amyotrophic lateral sclerosis"	-	GCST90027163	5:151031274	34873335	"van Rheenen W"
rs517339-C	6E-9	-	NR	-	"0.06 unit decrease"	[0.038-0.082]	ERGIC1	"Amyotrophic lateral sclerosis"	"amyotrophic lateral sclerosis"	-	GCST90027163	5:172927728	34873335	"van Rheenen W"
rs9275477-C	4E-12	-	NR	-	"0.142 unit decrease"	[0.1-0.18]	HLA-DQB1,MTCO3P1	"Amyotrophic lateral sclerosis"	"amyotrophic lateral sclerosis"	-	GCST90027163	6:32704864	34873335	"van Rheenen W"
rs10280711-G	2E-8	-	NR	-	"0.086 unit increase"	[0.057-0.115]	PTPRN2	"Amyotrophic lateral sclerosis"	"amyotrophic lateral sclerosis"	-	GCST90027163	7:157689088	34873335	"van Rheenen W"
rs2453555-A	1E-41	-	NR	-	"0.17 unit increase"	[0.15-0.19]	C9orf72	"Amyotrophic lateral sclerosis"	"amyotrophic lateral sclerosis"	-	GCST90027163	9:27563870	34873335	"van Rheenen W"
rs4075094-A	2E-9	-	NR	-	"0.1 unit decrease"	[0.061-0.139]	TBK1	"Amyotrophic lateral sclerosis"	"amyotrophic lateral sclerosis"	-	GCST90027163	12:64483273	34873335	"van Rheenen W"
rs2985994-C	1E-8	-	NR	-	"0.07 unit increase"	[0.046-0.094]	ERICH6B	"Amyotrophic lateral sclerosis"	"amyotrophic lateral sclerosis"	-	GCST90027163	13:45539849	34873335	"van Rheenen W"
rs12608932-C	3E-25	-	NR	-	"0.12 unit increase"	[0.1-0.14]	UNC13A	"Amyotrophic lateral sclerosis"	"amyotrophic lateral sclerosis"	-	GCST90027163	19:17641880	34873335	"van Rheenen W"
rs17785991-A	3E-10	-	NR	-	"0.07 unit increase"	[0.046-0.094]	SLC9A8	"Amyotrophic lateral sclerosis"	"amyotrophic lateral sclerosis"	-	GCST90027163	20:49822224	34873335	"van Rheenen W"
rs58854276-A	7E-10	-	NR	-	"0.06 unit increase"	[0.04-0.08]	ACSL5	"Amyotrophic lateral sclerosis"	"amyotrophic lateral sclerosis"	-	GCST90027163	10:112385286	34873335	"van Rheenen W"
rs2453555-A	1E-43	-	0.248	-	"0.174 unit increase"	[0.15-0.2]	C9orf72	"Amyotrophic lateral sclerosis"	"amyotrophic lateral sclerosis"	-	GCST90027164	9:27563870	34873335	"van Rheenen W"
rs12608932-C	9E-25	-	0.347	-	"0.125 unit increase"	[0.1-0.15]	UNC13A	"Amyotrophic lateral sclerosis"	"amyotrophic lateral sclerosis"	-	GCST90027164	19:17641880	34873335	"van Rheenen W"
rs80265967-C	4E-18	-	0.006	-	"1.078 unit increase"	[0.83-1.32]	SOD1	"Amyotrophic lateral sclerosis"	"amyotrophic lateral sclerosis"	-	GCST90027164	21:31667290	34873335	"van Rheenen W"
rs229195-A	9E-15	-	0.337	-	"0.091 unit increase"	[0.067-0.115]	G2E3,G2E3-AS1	"Amyotrophic lateral sclerosis"	"amyotrophic lateral sclerosis"	-	GCST90027164	14:30576390	34873335	"van Rheenen W"
rs229194-A	9E-15	-	0.337	-	"0.091 unit increase"	[0.067-0.115]	G2E3,G2E3-AS1	"Amyotrophic lateral sclerosis"	"amyotrophic lateral sclerosis"	-	GCST90027164	14:30575975	34873335	"van Rheenen W"
rs631312-G	5E-11	-	0.291	-	"0.079 unit increase"	[0.055-0.103]	MOBP	"Amyotrophic lateral sclerosis"	"amyotrophic lateral sclerosis"	-	GCST90027164	3:39467477	34873335	"van Rheenen W"
rs9275477-C	6E-12	-	0.096	-	"0.143 unit decrease"	[0.1-0.18]	HLA-DQB1,MTCO3P1	"Amyotrophic lateral sclerosis"	"amyotrophic lateral sclerosis"	-	GCST90027164	6:32704864	34873335	"van Rheenen W"
rs113247976-T	1E-11	-	0.016	-	"0.332 unit increase"	[0.24-0.43]	KIF5A	"Amyotrophic lateral sclerosis"	"amyotrophic lateral sclerosis"	-	GCST90027164	12:57581917	34873335	"van Rheenen W"
rs75087725-A	3E-11	-	0.012	-	"0.418 unit increase"	[0.29-0.54]	CFAP410	"Amyotrophic lateral sclerosis"	"amyotrophic lateral sclerosis"	-	GCST90027164	21:44333234	34873335	"van Rheenen W"
rs10463311-C	4E-10	-	0.253	-	"0.079 unit increase"	[0.054-0.104]	TNIP1	"Amyotrophic lateral sclerosis"	"amyotrophic lateral sclerosis"	-	GCST90027164	5:151031274	34873335	"van Rheenen W"
rs17785991-A	4E-10	-	0.353	-	"0.074 unit increase"	[0.05-0.098]	SLC9A8	"Amyotrophic lateral sclerosis"	"amyotrophic lateral sclerosis"	-	GCST90027164	20:49822224	34873335	"van Rheenen W"
rs4075094-A	2E-8	-	0.112	-	"0.098 unit decrease"	[0.063-0.133]	TBK1	"Amyotrophic lateral sclerosis"	"amyotrophic lateral sclerosis"	-	GCST90027164	12:64483273	34873335	"van Rheenen W"
rs517339-C	9E-9	-	0.397	-	"0.065 unit decrease"	[0.043-0.087]	ERGIC1	"Amyotrophic lateral sclerosis"	"amyotrophic lateral sclerosis"	-	GCST90027164	5:172927728	34873335	"van Rheenen W"
rs62333164-A	7E-8	-	0.335	-	"0.063 unit increase"	[0.039-0.087]	CLCN3	"Amyotrophic lateral sclerosis"	"amyotrophic lateral sclerosis"	-	GCST90027164	4:169662006	34873335	"van Rheenen W"
rs2985994-C	2E-7	-	0.259	-	"0.066 unit increase"	[0.041-0.091]	ERICH6B	"Amyotrophic lateral sclerosis"	"amyotrophic lateral sclerosis"	-	GCST90027164	13:45539849	34873335	"van Rheenen W"
rs10280711-G	6E-6	-	0.124	-	"0.076 unit increase"	[0.043-0.109]	PTPRN2	"Amyotrophic lateral sclerosis"	"amyotrophic lateral sclerosis"	-	GCST90027164	7:157689088	34873335	"van Rheenen W"
